[
  {
    "model": "agencia.agencia",
    "pk": 1,
    "fields": {
      "codigo_indicacao": "3owbwjzx",
      "cpf_cnpj": "08278593000164",
      "tipo_pessoa": 2,
      "nome_exibicao": "RN Soft Eventos",
      "nome_razao_social": "RN Software Ltda.",
      "contato": "George",
      "telefone": "83993118565",
      "email": "george.freire@rnsoft.com.br",
      "datahora_inclusao": "2018-07-27T15:55:13.228",
      "datahora_alteracao": "2018-07-27T15:55:13.228"
    }
  },
  {
    "model": "job.tipojob",
    "pk": 1,
    "fields": {
      "descricao": "Anima\u00e7\u00e3o/Recrea\u00e7\u00e3o",
      "modo_pagamento_sugerido": 2
    }
  },
  {
    "model": "job.tipojob",
    "pk": 2,
    "fields": {
      "descricao": "Auxiliar de limpeza",
      "modo_pagamento_sugerido": 2
    }
  },
  {
    "model": "job.tipojob",
    "pk": 3,
    "fields": {
      "descricao": "Capta\u00e7\u00e3o de clientes",
      "modo_pagamento_sugerido": 4
    }
  },
  {
    "model": "job.tipojob",
    "pk": 4,
    "fields": {
      "descricao": "Degustador",
      "modo_pagamento_sugerido": 3
    }
  },
  {
    "model": "job.tipojob",
    "pk": 5,
    "fields": {
      "descricao": "Divulgador",
      "modo_pagamento_sugerido": 2
    }
  },
  {
    "model": "job.tipojob",
    "pk": 6,
    "fields": {
      "descricao": "Gar\u00e7om/Gar\u00e7onete",
      "modo_pagamento_sugerido": 2
    }
  },
  {
    "model": "job.tipojob",
    "pk": 7,
    "fields": {
      "descricao": "Panfletagem",
      "modo_pagamento_sugerido": 2
    }
  },
  {
    "model": "job.tipojob",
    "pk": 8,
    "fields": {
      "descricao": "Recepcionista",
      "modo_pagamento_sugerido": 2
    }
  },
  {
    "model": "job.tipojob",
    "pk": 9,
    "fields": {
      "descricao": "Seguran\u00e7a",
      "modo_pagamento_sugerido": 1
    }
  },
  {
    "model": "job.tipojob",
    "pk": 10,
    "fields": {
      "descricao": "Transforma\u00e7\u00e3o",
      "modo_pagamento_sugerido": 2
    }
  },
  {
    "model": "job.tipojob",
    "pk": 11,
    "fields": {
      "descricao": "VT",
      "modo_pagamento_sugerido": 3
    }
  },
  {
    "model": "promotor.promotorcredenciado",
    "pk": 1,
    "fields": {
      "promotor": 1,
      "data_pagamento": null,
      "valor_pago": null,
      "promotor_indicacao": null,
      "agencia_indicacao": null
    }
  },
  {
    "model": "promotor.promotorcredenciado",
    "pk": 2,
    "fields": {
      "promotor": 2,
      "data_pagamento": null,
      "valor_pago": null,
      "promotor_indicacao": null,
      "agencia_indicacao": null
    }
  },
  {
    "model": "promotor.promotorcredenciado",
    "pk": 3,
    "fields": {
      "promotor": 3,
      "data_pagamento": null,
      "valor_pago": null,
      "promotor_indicacao": null,
      "agencia_indicacao": null
    }
  },
  {
    "model": "promotor.promotorcredenciado",
    "pk": 4,
    "fields": {
      "promotor": 4,
      "data_pagamento": null,
      "valor_pago": null,
      "promotor_indicacao": null,
      "agencia_indicacao": null
    }
  },
  {
    "model": "promotor.promotorcredenciado",
    "pk": 5,
    "fields": {
      "promotor": 5,
      "data_pagamento": null,
      "valor_pago": null,
      "promotor_indicacao": null,
      "agencia_indicacao": null
    }
  },
  {
    "model": "promotor.promotorcredenciado",
    "pk": 6,
    "fields": {
      "promotor": 6,
      "data_pagamento": null,
      "valor_pago": null,
      "promotor_indicacao": null,
      "agencia_indicacao": null
    }
  },
  {
    "model": "promotor.cordapele",
    "pk": 1,
    "fields": {
      "descricao": "Negra"
    }
  },
  {
    "model": "promotor.cordapele",
    "pk": 2,
    "fields": {
      "descricao": "Morena"
    }
  },
  {
    "model": "promotor.cordapele",
    "pk": 3,
    "fields": {
      "descricao": "Morena clara"
    }
  },
  {
    "model": "promotor.cordapele",
    "pk": 4,
    "fields": {
      "descricao": "Branca"
    }
  },
  {
    "model": "promotor.cordocabelo",
    "pk": 1,
    "fields": {
      "descricao": "Calvo"
    }
  },
  {
    "model": "promotor.cordocabelo",
    "pk": 2,
    "fields": {
      "descricao": "Preto"
    }
  },
  {
    "model": "promotor.cordocabelo",
    "pk": 3,
    "fields": {
      "descricao": "Loiro"
    }
  },
  {
    "model": "promotor.cordocabelo",
    "pk": 4,
    "fields": {
      "descricao": "Castanho"
    }
  },
  {
    "model": "promotor.cordocabelo",
    "pk": 5,
    "fields": {
      "descricao": "Tingido"
    }
  },
  {
    "model": "promotor.cordocabelo",
    "pk": 6,
    "fields": {
      "descricao": "Grisalho"
    }
  },
  {
    "model": "promotor.cordocabelo",
    "pk": 7,
    "fields": {
      "descricao": "Ruivo"
    }
  },
  {
    "model": "promotor.cordocabelo",
    "pk": 8,
    "fields": {
      "descricao": "Raspado"
    }
  },
  {
    "model": "promotor.cordocabelo",
    "pk": 9,
    "fields": {
      "descricao": "Branco"
    }
  },
  {
    "model": "promotor.cordosolhos",
    "pk": 1,
    "fields": {
      "descricao": "Castanho"
    }
  },
  {
    "model": "promotor.cordosolhos",
    "pk": 2,
    "fields": {
      "descricao": "Preto"
    }
  },
  {
    "model": "promotor.cordosolhos",
    "pk": 3,
    "fields": {
      "descricao": "Azul"
    }
  },
  {
    "model": "promotor.cordosolhos",
    "pk": 4,
    "fields": {
      "descricao": "Verde"
    }
  },
  {
    "model": "promotor.imagem",
    "pk": 1,
    "fields": {
      "path": "imagem/1_Bianca.jpeg",
      "tipo": 1,
      "promotor": 1,
      "acao": null
    }
  },
  {
    "model": "promotor.imagem",
    "pk": 2,
    "fields": {
      "path": "imagem/2_Bianca.jpeg",
      "tipo": 2,
      "promotor": 1,
      "acao": null
    }
  },
  {
    "model": "promotor.imagem",
    "pk": 3,
    "fields": {
      "path": "imagem/3_Camila.jpeg",
      "tipo": 1,
      "promotor": 2,
      "acao": null
    }
  },
  {
    "model": "promotor.imagem",
    "pk": 4,
    "fields": {
      "path": "imagem/4_Camila.jpeg",
      "tipo": 2,
      "promotor": 2,
      "acao": null
    }
  },
  {
    "model": "promotor.imagem",
    "pk": 5,
    "fields": {
      "path": "imagem/5_Ceci.jpeg",
      "tipo": 1,
      "promotor": 3,
      "acao": null
    }
  },
  {
    "model": "promotor.imagem",
    "pk": 6,
    "fields": {
      "path": "imagem/6_Ceci.jpeg",
      "tipo": 2,
      "promotor": 3,
      "acao": null
    }
  },
  {
    "model": "promotor.imagem",
    "pk": 7,
    "fields": {
      "path": "imagem/7_Ceci.jpeg",
      "tipo": 3,
      "promotor": 3,
      "acao": null
    }
  },
  {
    "model": "promotor.imagem",
    "pk": 8,
    "fields": {
      "path": "imagem/8_Juliana.jpeg",
      "tipo": 1,
      "promotor": 4,
      "acao": null
    }
  },
  {
    "model": "promotor.imagem",
    "pk": 9,
    "fields": {
      "path": "imagem/9_Juliana.jpeg",
      "tipo": 2,
      "promotor": 4,
      "acao": null
    }
  },
  {
    "model": "promotor.imagem",
    "pk": 10,
    "fields": {
      "path": "imagem/10_Juliana.jpeg",
      "tipo": 3,
      "promotor": 4,
      "acao": null
    }
  },
  {
    "model": "promotor.imagem",
    "pk": 11,
    "fields": {
      "path": "imagem/11_Duda.jpeg",
      "tipo": 1,
      "promotor": 5,
      "acao": null
    }
  },
  {
    "model": "promotor.imagem",
    "pk": 12,
    "fields": {
      "path": "imagem/12_Duda.jpeg",
      "tipo": 2,
      "promotor": 5,
      "acao": null
    }
  },
  {
    "model": "promotor.imagem",
    "pk": 13,
    "fields": {
      "path": "imagem/13_Simone.jpeg",
      "tipo": 1,
      "promotor": 6,
      "acao": null
    }
  },
  {
    "model": "promotor.imagem",
    "pk": 14,
    "fields": {
      "path": "imagem/14_Simone.jpeg",
      "tipo": 2,
      "promotor": 6,
      "acao": null
    }
  },
  {
    "model": "core.usuario",
    "pk": 1,
    "fields": {
      "password": "pbkdf2_sha256$30000$lUXkeRPw3Abb$s48y+BpTfZ8wjEqWo8Q+BCXBqHNQXR4VjGPlFHQXVrk=",
      "last_login": "2018-07-27T15:49:18.022",
      "is_superuser": true,
      "nome": "",
      "email": "maisjob@rnsoft.com.br",
      "token": "e50ad53c7af5622c44163eb06d4c6830eab8b768",
      "datahora_cadastro": "2018-01-02T22:17:00",
      "datahora_alteracao": "2018-01-02T22:17:00",
      "groups": [],
      "user_permissions": []
    }
  },
  {
    "model": "core.usuario",
    "pk": 2,
    "fields": {
      "password": "pbkdf2_sha256$30000$hqf38Ofm59rd$qrOMsPssnodnb81yoNpcEaDFP7tA0AVU8LcNMYe+PP4=",
      "last_login": null,
      "is_superuser": false,
      "nome": null,
      "email": "bianca@rnsoft.com.br",
      "token": "eb30ded28e05351765b3edda4faca27f2241d062",
      "datahora_cadastro": "2018-07-27T16:12:58.279",
      "datahora_alteracao": "2018-07-27T16:12:58.279",
      "groups": [],
      "user_permissions": []
    }
  },
  {
    "model": "core.usuario",
    "pk": 3,
    "fields": {
      "password": "pbkdf2_sha256$30000$7VJjngnR1iTh$v968a66hVoxqT8M6LIqzAtMMRtwAp+hKU4+SD/Bq6PQ=",
      "last_login": null,
      "is_superuser": false,
      "nome": null,
      "email": "camila@rnsoft.com.br",
      "token": "24ed488d2e4f26bffa4421ed21437e21f5217642",
      "datahora_cadastro": "2018-07-27T16:15:48.916",
      "datahora_alteracao": "2018-07-27T16:15:48.916",
      "groups": [],
      "user_permissions": []
    }
  },
  {
    "model": "core.usuario",
    "pk": 4,
    "fields": {
      "password": "pbkdf2_sha256$30000$uS8eDvGqIY9E$SIbNXEH9XopQJCuP4g1FG4mDG5bYZGR4tyoLCcNgWQs=",
      "last_login": null,
      "is_superuser": false,
      "nome": null,
      "email": "ceci@rnsoft.com.br",
      "token": "39c0f1967965741e1598199c9d80402a833dc5b0",
      "datahora_cadastro": "2018-07-27T16:18:41.848",
      "datahora_alteracao": "2018-07-27T16:18:41.848",
      "groups": [],
      "user_permissions": []
    }
  },
  {
    "model": "core.usuario",
    "pk": 5,
    "fields": {
      "password": "pbkdf2_sha256$30000$KQLHl8aDtIkg$EqEuPKH/JzKkKhh3krZrUV29xhh/uPilBtSiqWMg+n0=",
      "last_login": null,
      "is_superuser": false,
      "nome": null,
      "email": "juliana@rnsoft.com.br",
      "token": "3d0f1855b43cf99de175129d057aba09e0c32a01",
      "datahora_cadastro": "2018-07-27T16:22:03.546",
      "datahora_alteracao": "2018-07-27T16:22:03.546",
      "groups": [],
      "user_permissions": []
    }
  },
  {
    "model": "core.usuario",
    "pk": 6,
    "fields": {
      "password": "pbkdf2_sha256$30000$YyorU0vAn91f$sVh3RKAGdTdldPFRjK3XDttbhpghsRFFUfWfHxAPP2k=",
      "last_login": null,
      "is_superuser": false,
      "nome": null,
      "email": "eduarda@rnsoft.com.br",
      "token": "c26d10a6e94985c58bd1b62ff6e944d6714025e3",
      "datahora_cadastro": "2018-07-27T16:24:32.741",
      "datahora_alteracao": "2018-07-27T16:24:32.741",
      "groups": [],
      "user_permissions": []
    }
  },
  {
    "model": "core.usuario",
    "pk": 7,
    "fields": {
      "password": "pbkdf2_sha256$30000$rktxNCSOccK1$7C4N922B20SFpYuI3VfIanDBGs4rlUVt6RKqpZlAr4I=",
      "last_login": null,
      "is_superuser": false,
      "nome": null,
      "email": "simone@rnsoft.com.br",
      "token": "e5c64c36d4f1f30de1eeb950de1ab92511d6c403",
      "datahora_cadastro": "2018-07-27T16:26:45.717",
      "datahora_alteracao": "2018-07-27T16:26:45.717",
      "groups": [],
      "user_permissions": []
    }
  },
  {
    "model": "agencia.historicalagencia",
    "pk": 1,
    "fields": {
      "id": 1,
      "codigo_indicacao": "3owbwjzx",
      "cpf_cnpj": "08278593000164",
      "tipo_pessoa": 2,
      "nome_exibicao": "RN Soft Eventos",
      "nome_razao_social": "RN Software Ltda.",
      "contato": "George",
      "telefone": "83993118565",
      "email": "george.freire@rnsoft.com.br",
      "datahora_inclusao": "2018-07-27T15:55:13.228",
      "datahora_alteracao": "2018-07-27T15:55:13.228",
      "history_date": "2018-07-27T15:55:13.230",
      "history_user": 1,
      "history_type": "+"
    }
  },
  {
    "model": "job.historicaltipojob",
    "pk": 1,
    "fields": {
      "id": 1,
      "descricao": "Anima\u00e7\u00e3o/Recrea\u00e7\u00e3o",
      "modo_pagamento_sugerido": 2,
      "history_date": "2018-07-27T15:50:24.019",
      "history_user": 1,
      "history_type": "~"
    }
  },
  {
    "model": "job.historicaltipojob",
    "pk": 2,
    "fields": {
      "id": 2,
      "descricao": "Auxiliar de limpeza",
      "modo_pagamento_sugerido": 2,
      "history_date": "2018-07-27T15:50:58.413",
      "history_user": 1,
      "history_type": "~"
    }
  },
  {
    "model": "job.historicaltipojob",
    "pk": 3,
    "fields": {
      "id": 3,
      "descricao": "Capta\u00e7\u00e3o de clientes",
      "modo_pagamento_sugerido": 4,
      "history_date": "2018-07-27T15:51:22.711",
      "history_user": 1,
      "history_type": "+"
    }
  },
  {
    "model": "job.historicaltipojob",
    "pk": 4,
    "fields": {
      "id": 4,
      "descricao": "Degustador",
      "modo_pagamento_sugerido": 3,
      "history_date": "2018-07-27T15:51:45.211",
      "history_user": 1,
      "history_type": "+"
    }
  },
  {
    "model": "job.historicaltipojob",
    "pk": 5,
    "fields": {
      "id": 5,
      "descricao": "Divulgador",
      "modo_pagamento_sugerido": 2,
      "history_date": "2018-07-27T15:52:02.829",
      "history_user": 1,
      "history_type": "+"
    }
  },
  {
    "model": "job.historicaltipojob",
    "pk": 6,
    "fields": {
      "id": 6,
      "descricao": "Gar\u00e7om/Gar\u00e7onete",
      "modo_pagamento_sugerido": 2,
      "history_date": "2018-07-27T15:52:26.344",
      "history_user": 1,
      "history_type": "+"
    }
  },
  {
    "model": "job.historicaltipojob",
    "pk": 7,
    "fields": {
      "id": 7,
      "descricao": "Panfletagem",
      "modo_pagamento_sugerido": 2,
      "history_date": "2018-07-27T15:52:44.257",
      "history_user": 1,
      "history_type": "+"
    }
  },
  {
    "model": "job.historicaltipojob",
    "pk": 8,
    "fields": {
      "id": 8,
      "descricao": "Recepcionista",
      "modo_pagamento_sugerido": 2,
      "history_date": "2018-07-27T15:53:05.835",
      "history_user": 1,
      "history_type": "+"
    }
  },
  {
    "model": "job.historicaltipojob",
    "pk": 9,
    "fields": {
      "id": 9,
      "descricao": "Seguran\u00e7a",
      "modo_pagamento_sugerido": 1,
      "history_date": "2018-07-27T15:53:25.842",
      "history_user": 1,
      "history_type": "+"
    }
  },
  {
    "model": "job.historicaltipojob",
    "pk": 10,
    "fields": {
      "id": 10,
      "descricao": "Transforma\u00e7\u00e3o",
      "modo_pagamento_sugerido": 2,
      "history_date": "2018-07-27T15:53:40.536",
      "history_user": 1,
      "history_type": "+"
    }
  },
  {
    "model": "job.historicaltipojob",
    "pk": 11,
    "fields": {
      "id": 11,
      "descricao": "VT",
      "modo_pagamento_sugerido": 3,
      "history_date": "2018-07-27T15:53:59.044",
      "history_user": 1,
      "history_type": "+"
    }
  },
  {
    "model": "promotor.historicalpromotor",
    "pk": 1,
    "fields": {
      "id": 1,
      "codigoindicacao": null,
      "status": 0,
      "nome_exibicao": "Bianca",
      "nome_completo": "Bianca JP",
      "cpf": "31039133207",
      "data_nascimento": "1999-01-01",
      "sexo": 3,
      "peso": 50.0,
      "altura": 150,
      "telefone": "83123456789",
      "usuario": 2,
      "cor_da_pele": 4,
      "cor_do_cabelo": 3,
      "cor_dos_olhos": 1,
      "cidade": 2655,
      "history_date": "2018-07-27T16:12:58.282",
      "history_user": null,
      "history_type": "+"
    }
  },
  {
    "model": "promotor.historicalpromotor",
    "pk": 2,
    "fields": {
      "id": 2,
      "codigoindicacao": null,
      "status": 0,
      "nome_exibicao": "Camila",
      "nome_completo": "Camila JP",
      "cpf": "70851597823",
      "data_nascimento": "1998-02-02",
      "sexo": 3,
      "peso": 52.0,
      "altura": 152,
      "telefone": "83234567890",
      "usuario": 3,
      "cor_da_pele": 3,
      "cor_do_cabelo": 4,
      "cor_dos_olhos": 4,
      "cidade": 2655,
      "history_date": "2018-07-27T16:15:48.920",
      "history_user": 2,
      "history_type": "+"
    }
  },
  {
    "model": "promotor.historicalpromotor",
    "pk": 3,
    "fields": {
      "id": 3,
      "codigoindicacao": null,
      "status": 0,
      "nome_exibicao": "Ceci",
      "nome_completo": "Ceciliana JP",
      "cpf": "15104026752",
      "data_nascimento": "1993-03-03",
      "sexo": 3,
      "peso": 53.0,
      "altura": 153,
      "telefone": "83345678901",
      "usuario": 4,
      "cor_da_pele": 4,
      "cor_do_cabelo": 2,
      "cor_dos_olhos": 1,
      "cidade": 2655,
      "history_date": "2018-07-27T16:18:41.851",
      "history_user": 3,
      "history_type": "+"
    }
  },
  {
    "model": "promotor.historicalpromotor",
    "pk": 4,
    "fields": {
      "id": 4,
      "codigoindicacao": null,
      "status": 0,
      "nome_exibicao": "Juliana",
      "nome_completo": "Juliana Natal",
      "cpf": "56651883607",
      "data_nascimento": "1997-04-04",
      "sexo": 3,
      "peso": 51.0,
      "altura": 151,
      "telefone": "83456789012",
      "usuario": 5,
      "cor_da_pele": 1,
      "cor_do_cabelo": 2,
      "cor_dos_olhos": 1,
      "cidade": 3770,
      "history_date": "2018-07-27T16:22:03.548",
      "history_user": 4,
      "history_type": "+"
    }
  },
  {
    "model": "promotor.historicalpromotor",
    "pk": 5,
    "fields": {
      "id": 5,
      "codigoindicacao": null,
      "status": 0,
      "nome_exibicao": "Duda",
      "nome_completo": "Eduarda Natal",
      "cpf": "06804661508",
      "data_nascimento": "1985-05-05",
      "sexo": 3,
      "peso": 55.0,
      "altura": 155,
      "telefone": "84567890123",
      "usuario": 6,
      "cor_da_pele": 2,
      "cor_do_cabelo": 2,
      "cor_dos_olhos": 1,
      "cidade": 3770,
      "history_date": "2018-07-27T16:24:32.745",
      "history_user": 5,
      "history_type": "+"
    }
  },
  {
    "model": "promotor.historicalpromotor",
    "pk": 6,
    "fields": {
      "id": 6,
      "codigoindicacao": null,
      "status": 0,
      "nome_exibicao": "Simone",
      "nome_completo": "Simone Natal",
      "cpf": "98605341360",
      "data_nascimento": "1996-06-06",
      "sexo": 3,
      "peso": 56.0,
      "altura": 156,
      "telefone": "84678901234",
      "usuario": 7,
      "cor_da_pele": 4,
      "cor_do_cabelo": 3,
      "cor_dos_olhos": 4,
      "cidade": 3770,
      "history_date": "2018-07-27T16:26:45.719",
      "history_user": 6,
      "history_type": "+"
    }
  },
  {
    "model": "promotor.promotor",
    "pk": 1,
    "fields": {
      "codigoindicacao": null,
      "status": 0,
      "usuario": 2,
      "nome_exibicao": "Bianca",
      "nome_completo": "Bianca JP",
      "cpf": "31039133207",
      "data_nascimento": "1999-01-01",
      "sexo": 3,
      "peso": 50.0,
      "altura": 150,
      "cor_da_pele": 4,
      "cor_do_cabelo": 3,
      "cor_dos_olhos": 1,
      "cidade": 2655,
      "telefone": "83123456789"
    }
  },
  {
    "model": "promotor.promotor",
    "pk": 2,
    "fields": {
      "codigoindicacao": null,
      "status": 0,
      "usuario": 3,
      "nome_exibicao": "Camila",
      "nome_completo": "Camila JP",
      "cpf": "70851597823",
      "data_nascimento": "1998-02-02",
      "sexo": 3,
      "peso": 52.0,
      "altura": 152,
      "cor_da_pele": 3,
      "cor_do_cabelo": 4,
      "cor_dos_olhos": 4,
      "cidade": 2655,
      "telefone": "83234567890"
    }
  },
  {
    "model": "promotor.promotor",
    "pk": 3,
    "fields": {
      "codigoindicacao": null,
      "status": 0,
      "usuario": 4,
      "nome_exibicao": "Ceci",
      "nome_completo": "Ceciliana JP",
      "cpf": "15104026752",
      "data_nascimento": "1993-03-03",
      "sexo": 3,
      "peso": 53.0,
      "altura": 153,
      "cor_da_pele": 4,
      "cor_do_cabelo": 2,
      "cor_dos_olhos": 1,
      "cidade": 2655,
      "telefone": "83345678901"
    }
  },
  {
    "model": "promotor.promotor",
    "pk": 4,
    "fields": {
      "codigoindicacao": null,
      "status": 0,
      "usuario": 5,
      "nome_exibicao": "Juliana",
      "nome_completo": "Juliana Natal",
      "cpf": "56651883607",
      "data_nascimento": "1997-04-04",
      "sexo": 3,
      "peso": 51.0,
      "altura": 151,
      "cor_da_pele": 1,
      "cor_do_cabelo": 2,
      "cor_dos_olhos": 1,
      "cidade": 3770,
      "telefone": "83456789012"
    }
  },
  {
    "model": "promotor.promotor",
    "pk": 5,
    "fields": {
      "codigoindicacao": null,
      "status": 0,
      "usuario": 6,
      "nome_exibicao": "Duda",
      "nome_completo": "Eduarda Natal",
      "cpf": "06804661508",
      "data_nascimento": "1985-05-05",
      "sexo": 3,
      "peso": 55.0,
      "altura": 155,
      "cor_da_pele": 2,
      "cor_do_cabelo": 2,
      "cor_dos_olhos": 1,
      "cidade": 3770,
      "telefone": "84567890123"
    }
  },
  {
    "model": "promotor.promotor",
    "pk": 6,
    "fields": {
      "codigoindicacao": null,
      "status": 0,
      "usuario": 7,
      "nome_exibicao": "Simone",
      "nome_completo": "Simone Natal",
      "cpf": "98605341360",
      "data_nascimento": "1996-06-06",
      "sexo": 3,
      "peso": 56.0,
      "altura": 156,
      "cor_da_pele": 4,
      "cor_do_cabelo": 3,
      "cor_dos_olhos": 4,
      "cidade": 3770,
      "telefone": "84678901234"
    }
  },
  {
    "model": "promotor.historicalpromotorcredenciado",
    "pk": 1,
    "fields": {
      "id": 1,
      "data_pagamento": null,
      "valor_pago": null,
      "promotor": 1,
      "promotor_indicacao": null,
      "agencia_indicacao": null,
      "history_date": "2018-07-27T16:12:58.289",
      "history_user": null,
      "history_type": "+"
    }
  },
  {
    "model": "promotor.historicalpromotorcredenciado",
    "pk": 2,
    "fields": {
      "id": 2,
      "data_pagamento": null,
      "valor_pago": null,
      "promotor": 2,
      "promotor_indicacao": null,
      "agencia_indicacao": null,
      "history_date": "2018-07-27T16:15:48.929",
      "history_user": 2,
      "history_type": "+"
    }
  },
  {
    "model": "promotor.historicalpromotorcredenciado",
    "pk": 3,
    "fields": {
      "id": 3,
      "data_pagamento": null,
      "valor_pago": null,
      "promotor": 3,
      "promotor_indicacao": null,
      "agencia_indicacao": null,
      "history_date": "2018-07-27T16:18:41.857",
      "history_user": 3,
      "history_type": "+"
    }
  },
  {
    "model": "promotor.historicalpromotorcredenciado",
    "pk": 4,
    "fields": {
      "id": 4,
      "data_pagamento": null,
      "valor_pago": null,
      "promotor": 4,
      "promotor_indicacao": null,
      "agencia_indicacao": null,
      "history_date": "2018-07-27T16:22:03.554",
      "history_user": 4,
      "history_type": "+"
    }
  },
  {
    "model": "promotor.historicalpromotorcredenciado",
    "pk": 5,
    "fields": {
      "id": 5,
      "data_pagamento": null,
      "valor_pago": null,
      "promotor": 5,
      "promotor_indicacao": null,
      "agencia_indicacao": null,
      "history_date": "2018-07-27T16:24:32.751",
      "history_user": 5,
      "history_type": "+"
    }
  },
  {
    "model": "promotor.historicalpromotorcredenciado",
    "pk": 6,
    "fields": {
      "id": 6,
      "data_pagamento": null,
      "valor_pago": null,
      "promotor": 6,
      "promotor_indicacao": null,
      "agencia_indicacao": null,
      "history_date": "2018-07-27T16:26:45.725",
      "history_user": 6,
      "history_type": "+"
    }
  },
  {
    "model": "promotor.historicalimagem",
    "pk": 1,
    "fields": {
      "id": 1,
      "path": "",
      "tipo": 1,
      "promotor": 1,
      "acao": null,
      "history_date": "2018-07-27T16:13:00.313",
      "history_user": null,
      "history_type": "+"
    }
  },
  {
    "model": "promotor.historicalimagem",
    "pk": 2,
    "fields": {
      "id": 1,
      "path": "imagem/1_Bianca.jpeg",
      "tipo": 1,
      "promotor": 1,
      "acao": null,
      "history_date": "2018-07-27T16:13:00.323",
      "history_user": null,
      "history_type": "~"
    }
  },
  {
    "model": "promotor.historicalimagem",
    "pk": 3,
    "fields": {
      "id": 2,
      "path": "",
      "tipo": 2,
      "promotor": 1,
      "acao": null,
      "history_date": "2018-07-27T16:13:02.117",
      "history_user": null,
      "history_type": "+"
    }
  },
  {
    "model": "promotor.historicalimagem",
    "pk": 4,
    "fields": {
      "id": 2,
      "path": "imagem/2_Bianca.jpeg",
      "tipo": 2,
      "promotor": 1,
      "acao": null,
      "history_date": "2018-07-27T16:13:02.123",
      "history_user": null,
      "history_type": "~"
    }
  },
  {
    "model": "promotor.historicalimagem",
    "pk": 5,
    "fields": {
      "id": 3,
      "path": "",
      "tipo": 1,
      "promotor": 2,
      "acao": null,
      "history_date": "2018-07-27T16:15:50.870",
      "history_user": 2,
      "history_type": "+"
    }
  },
  {
    "model": "promotor.historicalimagem",
    "pk": 6,
    "fields": {
      "id": 3,
      "path": "imagem/3_Camila.jpeg",
      "tipo": 1,
      "promotor": 2,
      "acao": null,
      "history_date": "2018-07-27T16:15:50.875",
      "history_user": 2,
      "history_type": "~"
    }
  },
  {
    "model": "promotor.historicalimagem",
    "pk": 7,
    "fields": {
      "id": 4,
      "path": "",
      "tipo": 2,
      "promotor": 2,
      "acao": null,
      "history_date": "2018-07-27T16:15:52.614",
      "history_user": 2,
      "history_type": "+"
    }
  },
  {
    "model": "promotor.historicalimagem",
    "pk": 8,
    "fields": {
      "id": 4,
      "path": "imagem/4_Camila.jpeg",
      "tipo": 2,
      "promotor": 2,
      "acao": null,
      "history_date": "2018-07-27T16:15:52.619",
      "history_user": 2,
      "history_type": "~"
    }
  },
  {
    "model": "promotor.historicalimagem",
    "pk": 9,
    "fields": {
      "id": 5,
      "path": "",
      "tipo": 1,
      "promotor": 3,
      "acao": null,
      "history_date": "2018-07-27T16:18:43.986",
      "history_user": 3,
      "history_type": "+"
    }
  },
  {
    "model": "promotor.historicalimagem",
    "pk": 10,
    "fields": {
      "id": 5,
      "path": "imagem/5_Ceci.jpeg",
      "tipo": 1,
      "promotor": 3,
      "acao": null,
      "history_date": "2018-07-27T16:18:43.991",
      "history_user": 3,
      "history_type": "~"
    }
  },
  {
    "model": "promotor.historicalimagem",
    "pk": 11,
    "fields": {
      "id": 6,
      "path": "",
      "tipo": 2,
      "promotor": 3,
      "acao": null,
      "history_date": "2018-07-27T16:18:45.740",
      "history_user": 3,
      "history_type": "+"
    }
  },
  {
    "model": "promotor.historicalimagem",
    "pk": 12,
    "fields": {
      "id": 6,
      "path": "imagem/6_Ceci.jpeg",
      "tipo": 2,
      "promotor": 3,
      "acao": null,
      "history_date": "2018-07-27T16:18:45.745",
      "history_user": 3,
      "history_type": "~"
    }
  },
  {
    "model": "promotor.historicalimagem",
    "pk": 13,
    "fields": {
      "id": 7,
      "path": "",
      "tipo": 3,
      "promotor": 3,
      "acao": null,
      "history_date": "2018-07-27T16:18:47.236",
      "history_user": 3,
      "history_type": "+"
    }
  },
  {
    "model": "promotor.historicalimagem",
    "pk": 14,
    "fields": {
      "id": 7,
      "path": "imagem/7_Ceci.jpeg",
      "tipo": 3,
      "promotor": 3,
      "acao": null,
      "history_date": "2018-07-27T16:18:47.243",
      "history_user": 3,
      "history_type": "~"
    }
  },
  {
    "model": "promotor.historicalimagem",
    "pk": 15,
    "fields": {
      "id": 8,
      "path": "",
      "tipo": 1,
      "promotor": 4,
      "acao": null,
      "history_date": "2018-07-27T16:22:05.689",
      "history_user": 4,
      "history_type": "+"
    }
  },
  {
    "model": "promotor.historicalimagem",
    "pk": 16,
    "fields": {
      "id": 8,
      "path": "imagem/8_Juliana.jpeg",
      "tipo": 1,
      "promotor": 4,
      "acao": null,
      "history_date": "2018-07-27T16:22:05.703",
      "history_user": 4,
      "history_type": "~"
    }
  },
  {
    "model": "promotor.historicalimagem",
    "pk": 17,
    "fields": {
      "id": 9,
      "path": "",
      "tipo": 2,
      "promotor": 4,
      "acao": null,
      "history_date": "2018-07-27T16:22:07.729",
      "history_user": 4,
      "history_type": "+"
    }
  },
  {
    "model": "promotor.historicalimagem",
    "pk": 18,
    "fields": {
      "id": 9,
      "path": "imagem/9_Juliana.jpeg",
      "tipo": 2,
      "promotor": 4,
      "acao": null,
      "history_date": "2018-07-27T16:22:07.734",
      "history_user": 4,
      "history_type": "~"
    }
  },
  {
    "model": "promotor.historicalimagem",
    "pk": 19,
    "fields": {
      "id": 10,
      "path": "",
      "tipo": 3,
      "promotor": 4,
      "acao": null,
      "history_date": "2018-07-27T16:22:11.248",
      "history_user": 4,
      "history_type": "+"
    }
  },
  {
    "model": "promotor.historicalimagem",
    "pk": 20,
    "fields": {
      "id": 10,
      "path": "imagem/10_Juliana.jpeg",
      "tipo": 3,
      "promotor": 4,
      "acao": null,
      "history_date": "2018-07-27T16:22:11.264",
      "history_user": 4,
      "history_type": "~"
    }
  },
  {
    "model": "promotor.historicalimagem",
    "pk": 21,
    "fields": {
      "id": 11,
      "path": "",
      "tipo": 1,
      "promotor": 5,
      "acao": null,
      "history_date": "2018-07-27T16:24:35.535",
      "history_user": 5,
      "history_type": "+"
    }
  },
  {
    "model": "promotor.historicalimagem",
    "pk": 22,
    "fields": {
      "id": 11,
      "path": "imagem/11_Duda.jpeg",
      "tipo": 1,
      "promotor": 5,
      "acao": null,
      "history_date": "2018-07-27T16:24:35.542",
      "history_user": 5,
      "history_type": "~"
    }
  },
  {
    "model": "promotor.historicalimagem",
    "pk": 23,
    "fields": {
      "id": 12,
      "path": "",
      "tipo": 2,
      "promotor": 5,
      "acao": null,
      "history_date": "2018-07-27T16:24:39.169",
      "history_user": 5,
      "history_type": "+"
    }
  },
  {
    "model": "promotor.historicalimagem",
    "pk": 24,
    "fields": {
      "id": 12,
      "path": "imagem/12_Duda.jpeg",
      "tipo": 2,
      "promotor": 5,
      "acao": null,
      "history_date": "2018-07-27T16:24:39.175",
      "history_user": 5,
      "history_type": "~"
    }
  },
  {
    "model": "promotor.historicalimagem",
    "pk": 25,
    "fields": {
      "id": 13,
      "path": "",
      "tipo": 1,
      "promotor": 6,
      "acao": null,
      "history_date": "2018-07-27T16:26:50.195",
      "history_user": 6,
      "history_type": "+"
    }
  },
  {
    "model": "promotor.historicalimagem",
    "pk": 26,
    "fields": {
      "id": 13,
      "path": "imagem/13_Simone.jpeg",
      "tipo": 1,
      "promotor": 6,
      "acao": null,
      "history_date": "2018-07-27T16:26:50.201",
      "history_user": 6,
      "history_type": "~"
    }
  },
  {
    "model": "promotor.historicalimagem",
    "pk": 27,
    "fields": {
      "id": 14,
      "path": "",
      "tipo": 2,
      "promotor": 6,
      "acao": null,
      "history_date": "2018-07-27T16:26:51.950",
      "history_user": 6,
      "history_type": "+"
    }
  },
  {
    "model": "promotor.historicalimagem",
    "pk": 28,
    "fields": {
      "id": 14,
      "path": "imagem/14_Simone.jpeg",
      "tipo": 2,
      "promotor": 6,
      "acao": null,
      "history_date": "2018-07-27T16:26:51.956",
      "history_user": 6,
      "history_type": "~"
    }
  }
]